Source,Target,Type,Weight
1,4,undirected,1
2,4,undirected,1
3,4,undirected,1
4,18,undirected,1
4,62,undirected,1
4,80,undirected,1
5,4,undirected,1
6,7,undirected,1
6,4,undirected,1
7,4,undirected,1
8,4,undirected,1
9,4,undirected,1
6,1,undirected,1
1,7,undirected,1
10,4,undirected,1
4,410,undirected,1
1,5,undirected,1
11,4,undirected,1
12,4,undirected,1
1,62,undirected,1
13,4,undirected,1
14,4,undirected,1
15,4,undirected,1
6,5,undirected,1
5,7,undirected,1
3,62,undirected,1
4,79,undirected,1
1,80,undirected,1
4,167,undirected,1
16,4,undirected,1
17,4,undirected,1
18,62,undirected,1
19,4,undirected,1
20,4,undirected,1
4,411,undirected,1
1,19,undirected,1
2,8,undirected,1
4,193,undirected,1
4,165,undirected,1
21,4,undirected,1
22,4,undirected,1
4,207,undirected,1
4,412,undirected,1
23,4,undirected,1
24,4,undirected,1
4,200,undirected,1
4,312,undirected,1
8,80,undirected,1
25,8,undirected,1
26,4,undirected,1
27,4,undirected,1
5,410,undirected,1
28,4,undirected,1
29,18,undirected,1
1,49,undirected,1
1,9,undirected,1
30,4,undirected,1
2,51,undirected,1
31,4,undirected,1
1,11,undirected,1
4,413,undirected,1
32,4,undirected,1
33,4,undirected,1
34,4,undirected,1
35,4,undirected,1
36,4,undirected,1
37,4,undirected,1
38,4,undirected,1
37,38,undirected,1
39,4,undirected,1
40,18,undirected,1
11,18,undirected,1
41,4,undirected,1
42,4,undirected,1
43,4,undirected,1
44,4,undirected,1
45,18,undirected,1
40,4,undirected,1
4,279,undirected,1
46,4,undirected,1
47,4,undirected,1
4,414,undirected,1
4,365,undirected,1
4,145,undirected,1
4,415,undirected,1
48,4,undirected,1
48,62,undirected,1
4,81,undirected,1
34,167,undirected,1
49,4,undirected,1
50,4,undirected,1
51,4,undirected,1
52,2,undirected,1
3,54,undirected,1
53,51,undirected,1
2,357,undirected,1
4,105,undirected,1
29,4,undirected,1
4,322,undirected,1
15,322,undirected,1
9,322,undirected,1
3,105,undirected,1
4,258,undirected,1
2,16,undirected,1
1,17,undirected,1
1,410,undirected,1
2,165,undirected,1
4,179,undirected,1
54,4,undirected,1
55,4,undirected,1
4,270,undirected,1
15,9,undirected,1
56,4,undirected,1
57,4,undirected,1
58,4,undirected,1
4,357,undirected,1
7,62,undirected,1
57,62,undirected,1
6,62,undirected,1
53,4,undirected,1
59,4,undirected,1
3,79,undirected,1
60,4,undirected,1
61,4,undirected,1
2,412,undirected,1
24,2,undirected,1
55,50,undirected,1
45,4,undirected,1
25,80,undirected,1
62,410,undirected,1
63,4,undirected,1
64,4,undirected,1
25,4,undirected,1
4,400,undirected,1
65,4,undirected,1
20,62,undirected,1
3,80,undirected,1
66,4,undirected,1
4,103,undirected,1
10,12,undirected,1
52,4,undirected,1
67,4,undirected,1
2,53,undirected,1
68,357,undirected,1
68,69,undirected,1
68,4,undirected,1
50,99,undirected,1
50,64,undirected,1
68,70,undirected,1
50,100,undirected,1
68,9,undirected,1
68,2,undirected,1
69,4,undirected,1
4,70,undirected,1
2,70,undirected,1
69,357,undirected,1
9,69,undirected,1
2,69,undirected,1
69,70,undirected,1
9,357,undirected,1
70,357,undirected,1
2,9,undirected,1
71,70,undirected,1
9,70,undirected,1
72,79,undirected,1
2,71,undirected,1
73,4,undirected,1
74,416,undirected,1
3,10,undirected,1
10,79,undirected,1
72,10,undirected,1
24,10,undirected,1
10,416,undirected,1
10,74,undirected,1
73,417,undirected,1
3,417,undirected,1
3,73,undirected,1
7,417,undirected,1
73,7,undirected,1
3,7,undirected,1
4,417,undirected,1
6,417,undirected,1
71,9,undirected,1
6,73,undirected,1
6,3,undirected,1
39,417,undirected,1
39,73,undirected,1
3,39,undirected,1
39,7,undirected,1
6,39,undirected,1
75,417,undirected,1
75,73,undirected,1
3,75,undirected,1
75,7,undirected,1
75,4,undirected,1
6,75,undirected,1
75,39,undirected,1
24,74,undirected,1
4,74,undirected,1
72,74,undirected,1
74,79,undirected,1
71,357,undirected,1
71,69,undirected,1
71,4,undirected,1
68,71,undirected,1
76,78,undirected,1
76,77,undirected,1
77,78,undirected,1
76,4,undirected,1
78,4,undirected,1
77,4,undirected,1
61,76,undirected,1
61,78,undirected,1
61,77,undirected,1
76,8,undirected,1
78,8,undirected,1
77,8,undirected,1
61,8,undirected,1
72,3,undirected,1
50,18,undirected,1
72,4,undirected,1
24,3,undirected,1
24,79,undirected,1
24,72,undirected,1
3,416,undirected,1
79,416,undirected,1
72,416,undirected,1
4,416,undirected,1
24,416,undirected,1
3,74,undirected,1
50,418,undirected,1
5,419,undirected,1
64,100,undirected,1
80,420,undirected,1
81,420,undirected,1
3,81,undirected,1
82,80,undirected,1
82,4,undirected,1
82,420,undirected,1
82,3,undirected,1
4,420,undirected,1
82,81,undirected,1
3,420,undirected,1
83,421,undirected,1
83,4,undirected,1
83,2,undirected,1
83,16,undirected,1
83,93,undirected,1
81,80,undirected,1
60,3,undirected,1
4,421,undirected,1
84,4,undirected,1
85,87,undirected,1
85,12,undirected,1
86,4,undirected,1
84,86,undirected,1
86,87,undirected,1
86,12,undirected,1
87,4,undirected,1
60,420,undirected,1
84,87,undirected,1
84,12,undirected,1
87,12,undirected,1
60,81,undirected,1
60,82,undirected,1
60,80,undirected,1
83,94,undirected,1
2,421,undirected,1
85,4,undirected,1
88,91,undirected,1
89,4,undirected,1
90,4,undirected,1
91,4,undirected,1
4,92,undirected,1
88,89,undirected,1
90,88,undirected,1
2,88,undirected,1
92,422,undirected,1
88,16,undirected,1
88,92,undirected,1
90,89,undirected,1
91,89,undirected,1
2,89,undirected,1
89,16,undirected,1
88,4,undirected,1
16,422,undirected,1
16,421,undirected,1
16,93,undirected,1
93,421,undirected,1
94,421,undirected,1
93,4,undirected,1
94,4,undirected,1
2,93,undirected,1
2,94,undirected,1
94,16,undirected,1
2,422,undirected,1
94,93,undirected,1
4,422,undirected,1
88,422,undirected,1
89,422,undirected,1
90,422,undirected,1
91,422,undirected,1
85,84,undirected,1
85,86,undirected,1
4,100,undirected,1
4,96,undirected,1
27,5,undirected,1
73,105,undirected,1
95,96,undirected,1
95,4,undirected,1
27,95,undirected,1
95,419,undirected,1
27,96,undirected,1
5,95,undirected,1
96,419,undirected,1
4,419,undirected,1
27,419,undirected,1
97,80,undirected,1
98,80,undirected,1
80,400,undirected,1
5,96,undirected,1
18,418,undirected,1
4,97,undirected,1
64,418,undirected,1
99,100,undirected,1
55,100,undirected,1
100,418,undirected,1
100,18,undirected,1
99,64,undirected,1
55,64,undirected,1
64,18,undirected,1
55,18,undirected,1
99,4,undirected,1
4,418,undirected,1
55,99,undirected,1
99,418,undirected,1
99,18,undirected,1
55,418,undirected,1
12,80,undirected,1
98,4,undirected,1
1,102,undirected,1
101,104,undirected,1
102,103,undirected,1
11,103,undirected,1
1,103,undirected,1
101,4,undirected,1
4,104,undirected,1
102,4,undirected,1
101,102,undirected,1
101,103,undirected,1
101,11,undirected,1
1,101,undirected,1
102,104,undirected,1
11,104,undirected,1
1,104,undirected,1
11,102,undirected,1
103,104,undirected,1
1,423,undirected,1
1,97,undirected,1
98,400,undirected,1
1,98,undirected,1
1,400,undirected,1
1,12,undirected,1
98,97,undirected,1
97,400,undirected,1
12,97,undirected,1
98,12,undirected,1
11,423,undirected,1
12,400,undirected,1
103,423,undirected,1
4,423,undirected,1
101,423,undirected,1
104,423,undirected,1
102,423,undirected,1
105,417,undirected,1
106,18,undirected,1
7,105,undirected,1
107,108,undirected,1
108,113,undirected,1
109,10,undirected,1
10,424,undirected,1
109,424,undirected,1
109,4,undirected,1
109,12,undirected,1
4,424,undirected,1
12,424,undirected,1
110,111,undirected,1
111,4,undirected,1
111,9,undirected,1
111,119,undirected,1
111,46,undirected,1
111,118,undirected,1
110,4,undirected,1
107,113,undirected,1
9,113,undirected,1
26,18,undirected,1
108,9,undirected,1
29,20,undirected,1
20,18,undirected,1
112,4,undirected,1
112,62,undirected,1
29,112,undirected,1
112,18,undirected,1
29,62,undirected,1
9,5,undirected,1
107,5,undirected,1
108,5,undirected,1
113,5,undirected,1
107,4,undirected,1
108,4,undirected,1
113,4,undirected,1
107,9,undirected,1
110,9,undirected,1
110,119,undirected,1
110,46,undirected,1
110,118,undirected,1
114,425,undirected,1
1,114,undirected,1
115,114,undirected,1
1,425,undirected,1
115,425,undirected,1
115,1,undirected,1
4,116,undirected,1
116,117,undirected,1
116,62,undirected,1
49,116,undirected,1
1,116,undirected,1
116,426,undirected,1
4,117,undirected,1
4,426,undirected,1
117,62,undirected,1
115,4,undirected,1
4,425,undirected,1
114,4,undirected,1
118,119,undirected,1
119,4,undirected,1
118,4,undirected,1
9,119,undirected,1
9,46,undirected,1
9,118,undirected,1
46,119,undirected,1
118,46,undirected,1
115,80,undirected,1
17,80,undirected,1
114,17,undirected,1
17,425,undirected,1
115,17,undirected,1
114,80,undirected,1
80,425,undirected,1
20,112,undirected,1
29,26,undirected,1
1,117,undirected,1
2,22,undirected,1
120,22,undirected,1
121,22,undirected,1
122,123,undirected,1
123,125,undirected,1
123,4,undirected,1
124,123,undirected,1
123,129,undirected,1
1,123,undirected,1
122,125,undirected,1
122,4,undirected,1
124,122,undirected,1
122,129,undirected,1
1,122,undirected,1
125,4,undirected,1
124,125,undirected,1
120,121,undirected,1
2,121,undirected,1
26,62,undirected,1
2,120,undirected,1
126,121,undirected,1
126,22,undirected,1
127,4,undirected,1
128,4,undirected,1
120,4,undirected,1
121,4,undirected,1
127,128,undirected,1
2,127,undirected,1
120,127,undirected,1
127,121,undirected,1
127,22,undirected,1
2,128,undirected,1
120,128,undirected,1
121,128,undirected,1
128,22,undirected,1
125,129,undirected,1
1,125,undirected,1
124,4,undirected,1
129,4,undirected,1
130,4,undirected,1
131,132,undirected,1
3,132,undirected,1
130,132,undirected,1
3,131,undirected,1
131,130,undirected,1
3,130,undirected,1
59,26,undirected,1
59,20,undirected,1
59,112,undirected,1
59,62,undirected,1
29,59,undirected,1
59,18,undirected,1
26,20,undirected,1
26,112,undirected,1
131,4,undirected,1
132,4,undirected,1
130,103,undirected,1
133,4,undirected,1
124,129,undirected,1
124,1,undirected,1
1,129,undirected,1
133,193,undirected,1
134,193,undirected,1
135,193,undirected,1
134,4,undirected,1
3,103,undirected,1
135,4,undirected,1
134,133,undirected,1
135,133,undirected,1
135,134,undirected,1
132,103,undirected,1
131,103,undirected,1
49,117,undirected,1
117,426,undirected,1
6,105,undirected,1
13,140,undirected,1
136,62,undirected,1
13,62,undirected,1
137,62,undirected,1
136,13,undirected,1
137,136,undirected,1
137,13,undirected,1
138,4,undirected,1
138,411,undirected,1
138,18,undirected,1
106,138,undirected,1
138,142,undirected,1
138,40,undirected,1
106,4,undirected,1
4,142,undirected,1
18,411,undirected,1
137,140,undirected,1
136,140,undirected,1
139,13,undirected,1
140,62,undirected,1
141,36,undirected,1
141,4,undirected,1
141,140,undirected,1
141,62,undirected,1
141,136,undirected,1
141,13,undirected,1
141,137,undirected,1
36,140,undirected,1
36,62,undirected,1
136,36,undirected,1
13,36,undirected,1
137,36,undirected,1
4,140,undirected,1
136,4,undirected,1
137,4,undirected,1
106,411,undirected,1
142,411,undirected,1
40,411,undirected,1
90,91,undirected,1
143,145,undirected,1
143,144,undirected,1
143,427,undirected,1
143,146,undirected,1
144,4,undirected,1
4,427,undirected,1
4,146,undirected,1
144,145,undirected,1
145,427,undirected,1
145,146,undirected,1
144,427,undirected,1
144,146,undirected,1
146,427,undirected,1
75,105,undirected,1
39,105,undirected,1
143,4,undirected,1
147,146,undirected,1
147,427,undirected,1
4,148,undirected,1
142,18,undirected,1
106,142,undirected,1
106,40,undirected,1
40,142,undirected,1
148,147,undirected,1
143,148,undirected,1
145,148,undirected,1
144,147,undirected,1
144,148,undirected,1
148,427,undirected,1
148,146,undirected,1
143,147,undirected,1
4,147,undirected,1
145,147,undirected,1
139,137,undirected,1
139,136,undirected,1
49,62,undirected,1
3,153,undirected,1
149,428,undirected,1
3,428,undirected,1
149,4,undirected,1
3,149,undirected,1
150,152,undirected,1
151,152,undirected,1
152,4,undirected,1
152,429,undirected,1
152,157,undirected,1
152,158,undirected,1
152,159,undirected,1
150,151,undirected,1
150,4,undirected,1
150,429,undirected,1
150,157,undirected,1
4,428,undirected,1
153,149,undirected,1
139,62,undirected,1
153,4,undirected,1
62,426,undirected,1
49,426,undirected,1
1,426,undirected,1
4,154,undirected,1
4,430,undirected,1
27,154,undirected,1
1,27,undirected,1
27,430,undirected,1
1,154,undirected,1
154,430,undirected,1
1,430,undirected,1
153,105,undirected,1
105,428,undirected,1
149,105,undirected,1
153,428,undirected,1
150,158,undirected,1
150,159,undirected,1
151,4,undirected,1
151,429,undirected,1
155,4,undirected,1
4,156,undirected,1
155,412,undirected,1
62,412,undirected,1
156,412,undirected,1
3,412,undirected,1
155,62,undirected,1
155,156,undirected,1
3,155,undirected,1
156,62,undirected,1
3,156,undirected,1
141,139,undirected,1
139,36,undirected,1
139,4,undirected,1
139,140,undirected,1
3,28,undirected,1
28,156,undirected,1
28,62,undirected,1
4,159,undirected,1
151,157,undirected,1
151,158,undirected,1
151,159,undirected,1
4,429,undirected,1
4,157,undirected,1
4,158,undirected,1
157,429,undirected,1
155,28,undirected,1
158,429,undirected,1
159,429,undirected,1
157,158,undirected,1
159,157,undirected,1
159,158,undirected,1
28,412,undirected,1
89,92,undirected,1
160,297,undirected,1
90,2,undirected,1
161,431,undirected,1
162,163,undirected,1
2,163,undirected,1
163,432,undirected,1
13,163,undirected,1
164,163,undirected,1
2,162,undirected,1
162,432,undirected,1
13,162,undirected,1
164,162,undirected,1
2,432,undirected,1
2,13,undirected,1
2,164,undirected,1
13,432,undirected,1
164,432,undirected,1
164,13,undirected,1
164,4,undirected,1
4,432,undirected,1
4,162,undirected,1
165,411,undirected,1
2,161,undirected,1
161,176,undirected,1
166,411,undirected,1
166,4,undirected,1
166,165,undirected,1
166,47,undirected,1
47,411,undirected,1
4,163,undirected,1
47,165,undirected,1
8,163,undirected,1
8,162,undirected,1
8,432,undirected,1
8,13,undirected,1
164,8,undirected,1
167,433,undirected,1
168,167,undirected,1
169,167,undirected,1
4,171,undirected,1
170,17,undirected,1
17,18,undirected,1
17,171,undirected,1
170,4,undirected,1
170,18,undirected,1
170,171,undirected,1
171,18,undirected,1
172,18,undirected,1
173,4,undirected,1
174,4,undirected,1
175,4,undirected,1
4,434,undirected,1
174,173,undirected,1
173,200,undirected,1
172,171,undirected,1
4,172,undirected,1
34,433,undirected,1
169,433,undirected,1
34,168,undirected,1
169,34,undirected,1
4,433,undirected,1
168,4,undirected,1
169,4,undirected,1
168,433,undirected,1
169,168,undirected,1
170,172,undirected,1
32,172,undirected,1
32,17,undirected,1
170,32,undirected,1
32,18,undirected,1
32,171,undirected,1
17,172,undirected,1
2,176,undirected,1
176,431,undirected,1
173,175,undirected,1
2,431,undirected,1
4,180,undirected,1
2,180,undirected,1
26,177,undirected,1
177,80,undirected,1
177,4,undirected,1
177,181,undirected,1
47,177,undirected,1
177,22,undirected,1
3,177,undirected,1
177,435,undirected,1
26,80,undirected,1
26,181,undirected,1
26,47,undirected,1
26,22,undirected,1
3,26,undirected,1
2,178,undirected,1
178,180,undirected,1
178,4,undirected,1
51,365,undirected,1
65,179,undirected,1
179,436,undirected,1
1,179,undirected,1
65,436,undirected,1
1,65,undirected,1
1,436,undirected,1
51,178,undirected,1
2,365,undirected,1
51,180,undirected,1
53,365,undirected,1
53,178,undirected,1
53,180,undirected,1
178,365,undirected,1
180,365,undirected,1
26,435,undirected,1
181,80,undirected,1
47,80,undirected,1
35,161,undirected,1
176,182,undirected,1
161,182,undirected,1
23,35,undirected,1
35,431,undirected,1
35,2,undirected,1
35,176,undirected,1
4,431,undirected,1
182,431,undirected,1
176,4,undirected,1
161,4,undirected,1
23,431,undirected,1
23,2,undirected,1
23,176,undirected,1
23,161,undirected,1
2,182,undirected,1
23,182,undirected,1
22,80,undirected,1
181,435,undirected,1
80,435,undirected,1
181,4,undirected,1
4,435,undirected,1
47,181,undirected,1
181,22,undirected,1
3,181,undirected,1
47,22,undirected,1
4,182,undirected,1
3,47,undirected,1
47,435,undirected,1
3,22,undirected,1
22,435,undirected,1
3,435,undirected,1
35,182,undirected,1
173,9,undirected,1
173,434,undirected,1
90,16,undirected,1
183,189,undirected,1
8,196,undirected,1
8,197,undirected,1
184,8,undirected,1
185,8,undirected,1
186,188,undirected,1
186,4,undirected,1
187,186,undirected,1
186,196,undirected,1
186,197,undirected,1
184,186,undirected,1
186,185,undirected,1
188,4,undirected,1
187,188,undirected,1
188,196,undirected,1
188,197,undirected,1
187,8,undirected,1
188,8,undirected,1
186,8,undirected,1
183,18,undirected,1
189,18,undirected,1
189,190,undirected,1
58,189,undirected,1
183,4,undirected,1
190,4,undirected,1
183,413,undirected,1
183,190,undirected,1
58,190,undirected,1
183,58,undirected,1
18,413,undirected,1
190,413,undirected,1
58,413,undirected,1
190,18,undirected,1
58,18,undirected,1
184,188,undirected,1
188,185,undirected,1
187,4,undirected,1
191,4,undirected,1
192,195,undirected,1
193,437,undirected,1
191,193,undirected,1
194,193,undirected,1
192,193,undirected,1
4,437,undirected,1
194,4,undirected,1
191,195,undirected,1
192,4,undirected,1
191,437,undirected,1
194,437,undirected,1
192,437,undirected,1
191,194,undirected,1
191,192,undirected,1
194,195,undirected,1
195,437,undirected,1
196,4,undirected,1
187,185,undirected,1
197,4,undirected,1
184,4,undirected,1
185,4,undirected,1
187,196,undirected,1
187,197,undirected,1
187,184,undirected,1
197,196,undirected,1
4,195,undirected,1
184,196,undirected,1
185,196,undirected,1
184,197,undirected,1
185,197,undirected,1
184,185,undirected,1
195,193,undirected,1
189,413,undirected,1
189,4,undirected,1
174,200,undirected,1
198,3,undirected,1
19,38,undirected,1
19,11,undirected,1
6,199,undirected,1
6,37,undirected,1
6,38,undirected,1
6,11,undirected,1
199,4,undirected,1
199,7,undirected,1
37,7,undirected,1
38,7,undirected,1
11,7,undirected,1
37,199,undirected,1
38,199,undirected,1
11,199,undirected,1
1,199,undirected,1
37,19,undirected,1
19,199,undirected,1
19,7,undirected,1
175,9,undirected,1
174,9,undirected,1
174,175,undirected,1
174,434,undirected,1
9,200,undirected,1
175,200,undirected,1
200,434,undirected,1
9,434,undirected,1
6,19,undirected,1
175,434,undirected,1
19,5,undirected,1
5,199,undirected,1
37,5,undirected,1
38,5,undirected,1
11,5,undirected,1
37,11,undirected,1
1,37,undirected,1
11,38,undirected,1
3,179,undirected,1
198,48,undirected,1
48,3,undirected,1
179,62,undirected,1
179,410,undirected,1
16,179,undirected,1
198,179,undirected,1
16,62,undirected,1
48,410,undirected,1
198,62,undirected,1
16,410,undirected,1
198,410,undirected,1
3,410,undirected,1
198,16,undirected,1
3,16,undirected,1
48,16,undirected,1
48,179,undirected,1
1,38,undirected,1
3,57,undirected,1
35,57,undirected,1
48,57,undirected,1
57,179,undirected,1
57,410,undirected,1
16,57,undirected,1
198,57,undirected,1
35,48,undirected,1
198,4,undirected,1
35,179,undirected,1
35,62,undirected,1
35,410,undirected,1
35,16,undirected,1
198,35,undirected,1
35,3,undirected,1
23,1,undirected,1
23,436,undirected,1
23,65,undirected,1
30,438,undirected,1
30,202,undirected,1
5,439,undirected,1
52,5,undirected,1
201,5,undirected,1
2,5,undirected,1
30,5,undirected,1
52,439,undirected,1
4,439,undirected,1
201,439,undirected,1
2,439,undirected,1
30,439,undirected,1
52,201,undirected,1
52,30,undirected,1
201,4,undirected,1
2,201,undirected,1
2,202,undirected,1
201,202,undirected,1
202,4,undirected,1
203,204,undirected,1
204,4,undirected,1
205,4,undirected,1
203,200,undirected,1
204,200,undirected,1
205,200,undirected,1
30,200,undirected,1
205,203,undirected,1
52,202,undirected,1
30,203,undirected,1
205,204,undirected,1
30,204,undirected,1
30,205,undirected,1
202,5,undirected,1
202,439,undirected,1
201,30,undirected,1
2,30,undirected,1
21,208,undirected,1
206,236,undirected,1
44,207,undirected,1
44,440,undirected,1
207,440,undirected,1
50,206,undirected,1
206,222,undirected,1
15,206,undirected,1
55,206,undirected,1
80,440,undirected,1
206,4,undirected,1
206,441,undirected,1
50,222,undirected,1
50,15,undirected,1
50,236,undirected,1
50,441,undirected,1
4,440,undirected,1
80,207,undirected,1
21,14,undirected,1
4,208,undirected,1
21,80,undirected,1
21,44,undirected,1
21,207,undirected,1
21,440,undirected,1
14,208,undirected,1
80,208,undirected,1
44,208,undirected,1
44,80,undirected,1
208,207,undirected,1
208,440,undirected,1
14,80,undirected,1
14,44,undirected,1
14,207,undirected,1
14,440,undirected,1
203,4,undirected,1
205,438,undirected,1
23,179,undirected,1
204,438,undirected,1
209,214,undirected,1
210,211,undirected,1
210,4,undirected,1
210,213,undirected,1
210,212,undirected,1
209,210,undirected,1
211,4,undirected,1
211,213,undirected,1
211,212,undirected,1
209,211,undirected,1
4,213,undirected,1
212,4,undirected,1
209,4,undirected,1
212,213,undirected,1
209,213,undirected,1
212,214,undirected,1
213,214,undirected,1
4,214,undirected,1
214,442,undirected,1
90,92,undirected,1
2,91,undirected,1
91,16,undirected,1
91,92,undirected,1
2,92,undirected,1
16,92,undirected,1
210,442,undirected,1
211,214,undirected,1
211,442,undirected,1
4,442,undirected,1
213,442,undirected,1
212,442,undirected,1
209,442,undirected,1
210,214,undirected,1
209,212,undirected,1
215,51,undirected,1
215,53,undirected,1
216,200,undirected,1
45,218,undirected,1
217,218,undirected,1
217,18,undirected,1
217,45,undirected,1
216,438,undirected,1
216,4,undirected,1
216,203,undirected,1
217,220,undirected,1
216,204,undirected,1
216,205,undirected,1
30,216,undirected,1
4,438,undirected,1
200,438,undirected,1
203,438,undirected,1
218,18,undirected,1
45,220,undirected,1
219,215,undirected,1
219,53,undirected,1
215,221,undirected,1
215,4,undirected,1
2,215,undirected,1
219,51,undirected,1
51,221,undirected,1
2,126,undirected,1
53,221,undirected,1
220,18,undirected,1
219,221,undirected,1
219,4,undirected,1
219,2,undirected,1
221,4,undirected,1
2,221,undirected,1
220,218,undirected,1
15,222,undirected,1
222,236,undirected,1
55,222,undirected,1
4,222,undirected,1
6,60,undirected,1
60,7,undirected,1
60,1,undirected,1
8,415,undirected,1
14,415,undirected,1
223,415,undirected,1
224,415,undirected,1
2,415,undirected,1
14,8,undirected,1
8,223,undirected,1
224,8,undirected,1
14,223,undirected,1
14,224,undirected,1
2,14,undirected,1
224,223,undirected,1
1,443,undirected,1
7,443,undirected,1
4,443,undirected,1
225,62,undirected,1
225,4,undirected,1
226,4,undirected,1
23,225,undirected,1
23,62,undirected,1
23,226,undirected,1
23,3,undirected,1
225,226,undirected,1
6,443,undirected,1
225,3,undirected,1
226,62,undirected,1
226,3,undirected,1
5,443,undirected,1
60,5,undirected,1
60,443,undirected,1
4,223,undirected,1
2,223,undirected,1
224,4,undirected,1
19,436,undirected,1
227,18,undirected,1
227,231,undirected,1
19,228,undirected,1
23,19,undirected,1
19,179,undirected,1
19,65,undirected,1
228,4,undirected,1
229,227,undirected,1
4,436,undirected,1
23,228,undirected,1
228,179,undirected,1
65,228,undirected,1
228,436,undirected,1
1,228,undirected,1
18,231,undirected,1
229,231,undirected,1
2,224,undirected,1
4,444,undirected,1
230,444,undirected,1
230,4,undirected,1
230,229,undirected,1
230,18,undirected,1
230,231,undirected,1
230,227,undirected,1
229,444,undirected,1
229,18,undirected,1
18,444,undirected,1
231,444,undirected,1
227,444,undirected,1
229,4,undirected,1
4,231,undirected,1
4,227,undirected,1
232,3,undirected,1
232,226,undirected,1
232,62,undirected,1
233,235,undirected,1
7,410,undirected,1
80,235,undirected,1
233,80,undirected,1
80,329,undirected,1
234,80,undirected,1
4,235,undirected,1
1,235,undirected,1
5,62,undirected,1
235,329,undirected,1
234,235,undirected,1
233,4,undirected,1
4,329,undirected,1
234,4,undirected,1
1,233,undirected,1
6,410,undirected,1
1,237,undirected,1
234,233,undirected,1
236,441,undirected,1
222,441,undirected,1
15,236,undirected,1
55,15,undirected,1
15,441,undirected,1
55,236,undirected,1
4,236,undirected,1
55,441,undirected,1
237,410,undirected,1
4,441,undirected,1
5,237,undirected,1
6,237,undirected,1
4,237,undirected,1
7,237,undirected,1
62,237,undirected,1
233,329,undirected,1
1,329,undirected,1
232,225,undirected,1
232,8,undirected,1
238,18,undirected,1
18,240,undirected,1
239,18,undirected,1
238,240,undirected,1
238,239,undirected,1
239,240,undirected,1
23,8,undirected,1
240,62,undirected,1
225,8,undirected,1
8,62,undirected,1
226,8,undirected,1
3,8,undirected,1
232,4,undirected,1
232,23,undirected,1
239,62,undirected,1
238,62,undirected,1
1,234,undirected,1
66,239,undirected,1
234,329,undirected,1
66,43,undirected,1
66,62,undirected,1
66,18,undirected,1
66,238,undirected,1
66,240,undirected,1
43,62,undirected,1
4,239,undirected,1
43,18,undirected,1
238,43,undirected,1
43,240,undirected,1
43,239,undirected,1
238,4,undirected,1
4,240,undirected,1
120,126,undirected,1
3,350,undirected,1
126,128,undirected,1
241,243,undirected,1
242,245,undirected,1
242,241,undirected,1
242,246,undirected,1
243,445,undirected,1
244,243,undirected,1
245,243,undirected,1
243,246,undirected,1
242,445,undirected,1
244,445,undirected,1
245,445,undirected,1
241,445,undirected,1
246,445,undirected,1
244,245,undirected,1
244,241,undirected,1
244,242,undirected,1
242,243,undirected,1
241,245,undirected,1
45,412,undirected,1
45,253,undirected,1
2,253,undirected,1
247,4,undirected,1
247,412,undirected,1
45,247,undirected,1
2,247,undirected,1
2,45,undirected,1
8,246,undirected,1
242,8,undirected,1
8,243,undirected,1
8,445,undirected,1
244,8,undirected,1
8,245,undirected,1
241,8,undirected,1
244,246,undirected,1
245,246,undirected,1
1,20,undirected,1
248,4,undirected,1
31,248,undirected,1
31,80,undirected,1
31,62,undirected,1
1,31,undirected,1
31,57,undirected,1
248,80,undirected,1
248,62,undirected,1
145,250,undirected,1
1,248,undirected,1
248,57,undirected,1
80,62,undirected,1
57,80,undirected,1
1,57,undirected,1
249,64,undirected,1
145,411,undirected,1
250,411,undirected,1
241,246,undirected,1
33,252,undirected,1
33,251,undirected,1
251,252,undirected,1
251,250,undirected,1
4,251,undirected,1
251,411,undirected,1
251,145,undirected,1
33,250,undirected,1
4,250,undirected,1
33,411,undirected,1
33,145,undirected,1
250,252,undirected,1
4,252,undirected,1
252,411,undirected,1
145,252,undirected,1
253,412,undirected,1
253,4,undirected,1
253,247,undirected,1
67,255,undirected,1
254,257,undirected,1
254,260,undirected,1
255,446,undirected,1
255,256,undirected,1
255,4,undirected,1
2,255,undirected,1
255,257,undirected,1
2,254,undirected,1
255,260,undirected,1
256,446,undirected,1
4,446,undirected,1
2,446,undirected,1
67,446,undirected,1
257,446,undirected,1
254,67,undirected,1
254,4,undirected,1
58,447,undirected,1
258,446,undirected,1
259,4,undirected,1
259,7,undirected,1
259,62,undirected,1
1,259,undirected,1
254,258,undirected,1
255,258,undirected,1
256,258,undirected,1
254,256,undirected,1
2,258,undirected,1
67,258,undirected,1
257,258,undirected,1
260,258,undirected,1
254,255,undirected,1
254,446,undirected,1
260,446,undirected,1
4,256,undirected,1
2,256,undirected,1
261,165,undirected,1
4,447,undirected,1
262,165,undirected,1
262,261,undirected,1
2,262,undirected,1
58,262,undirected,1
262,447,undirected,1
58,165,undirected,1
67,256,undirected,1
165,447,undirected,1
2,261,undirected,1
58,261,undirected,1
261,447,undirected,1
2,58,undirected,1
2,447,undirected,1
4,261,undirected,1
262,4,undirected,1
52,447,undirected,1
52,58,undirected,1
52,261,undirected,1
52,165,undirected,1
52,262,undirected,1
260,257,undirected,1
67,260,undirected,1
67,257,undirected,1
2,260,undirected,1
2,257,undirected,1
2,67,undirected,1
260,4,undirected,1
257,4,undirected,1
260,256,undirected,1
257,256,undirected,1
263,249,undirected,1
249,275,undirected,1
249,4,undirected,1
264,266,undirected,1
265,448,undirected,1
10,266,undirected,1
10,264,undirected,1
10,80,undirected,1
25,10,undirected,1
10,265,undirected,1
266,80,undirected,1
25,448,undirected,1
25,266,undirected,1
266,4,undirected,1
266,265,undirected,1
264,80,undirected,1
25,264,undirected,1
264,4,undirected,1
4,448,undirected,1
80,448,undirected,1
62,449,undirected,1
48,267,undirected,1
267,449,undirected,1
48,449,undirected,1
267,4,undirected,1
267,62,undirected,1
267,18,undirected,1
48,18,undirected,1
8,448,undirected,1
264,448,undirected,1
10,8,undirected,1
8,266,undirected,1
264,8,undirected,1
8,265,undirected,1
10,448,undirected,1
266,448,undirected,1
264,265,undirected,1
80,265,undirected,1
25,265,undirected,1
6,268,undirected,1
268,269,undirected,1
4,269,undirected,1
7,269,undirected,1
269,450,undirected,1
270,269,undirected,1
1,269,undirected,1
6,450,undirected,1
4,265,undirected,1
6,270,undirected,1
268,4,undirected,1
268,7,undirected,1
268,450,undirected,1
268,270,undirected,1
1,268,undirected,1
6,269,undirected,1
1,271,undirected,1
271,270,undirected,1
271,450,undirected,1
271,7,undirected,1
271,4,undirected,1
268,271,undirected,1
6,271,undirected,1
271,269,undirected,1
66,1,undirected,1
66,270,undirected,1
66,450,undirected,1
66,7,undirected,1
66,268,undirected,1
6,66,undirected,1
66,269,undirected,1
66,271,undirected,1
18,449,undirected,1
4,449,undirected,1
249,276,undirected,1
272,4,undirected,1
273,274,undirected,1
273,3,undirected,1
15,13,undirected,1
272,13,undirected,1
274,13,undirected,1
3,13,undirected,1
274,4,undirected,1
273,15,undirected,1
15,272,undirected,1
274,15,undirected,1
3,15,undirected,1
274,272,undirected,1
3,272,undirected,1
3,274,undirected,1
273,272,undirected,1
273,4,undirected,1
48,33,undirected,1
275,4,undirected,1
263,64,undirected,1
275,64,undirected,1
276,64,undirected,1
263,275,undirected,1
263,4,undirected,1
263,276,undirected,1
275,276,undirected,1
273,13,undirected,1
276,4,undirected,1
273,54,undirected,1
54,13,undirected,1
54,15,undirected,1
54,272,undirected,1
54,274,undirected,1
4,280,undirected,1
4,451,undirected,1
18,280,undirected,1
277,278,undirected,1
277,7,undirected,1
7,18,undirected,1
7,79,undirected,1
7,278,undirected,1
277,18,undirected,1
277,79,undirected,1
18,79,undirected,1
18,451,undirected,1
278,18,undirected,1
278,79,undirected,1
33,449,undirected,1
33,62,undirected,1
33,18,undirected,1
33,267,undirected,1
278,4,undirected,1
277,4,undirected,1
6,278,undirected,1
6,79,undirected,1
6,18,undirected,1
6,277,undirected,1
279,451,undirected,1
11,279,undirected,1
11,451,undirected,1
280,279,undirected,1
280,451,undirected,1
11,280,undirected,1
45,279,undirected,1
45,451,undirected,1
11,45,undirected,1
45,280,undirected,1
18,279,undirected,1
259,20,undirected,1
20,7,undirected,1
7,450,undirected,1
281,283,undirected,1
282,193,undirected,1
283,282,undirected,1
11,282,undirected,1
284,282,undirected,1
282,285,undirected,1
281,193,undirected,1
281,11,undirected,1
285,452,undirected,1
281,284,undirected,1
281,285,undirected,1
283,193,undirected,1
11,193,undirected,1
284,193,undirected,1
193,285,undirected,1
281,282,undirected,1
284,452,undirected,1
284,283,undirected,1
286,7,undirected,1
1,61,undirected,1
61,286,undirected,1
6,207,undirected,1
6,286,undirected,1
286,4,undirected,1
7,207,undirected,1
1,207,undirected,1
11,452,undirected,1
286,207,undirected,1
1,286,undirected,1
282,452,undirected,1
281,452,undirected,1
193,452,undirected,1
283,452,undirected,1
11,283,undirected,1
283,285,undirected,1
6,259,undirected,1
287,410,undirected,1
287,43,undirected,1
288,43,undirected,1
289,4,undirected,1
287,4,undirected,1
288,4,undirected,1
289,410,undirected,1
288,410,undirected,1
43,410,undirected,1
289,287,undirected,1
289,288,undirected,1
288,287,undirected,1
290,453,undirected,1
290,36,undirected,1
290,4,undirected,1
289,43,undirected,1
291,454,undirected,1
284,11,undirected,1
292,291,undirected,1
11,285,undirected,1
284,285,undirected,1
292,293,undirected,1
292,4,undirected,1
292,46,undirected,1
292,454,undirected,1
4,293,undirected,1
291,46,undirected,1
46,293,undirected,1
293,454,undirected,1
291,293,undirected,1
4,454,undirected,1
291,4,undirected,1
46,454,undirected,1
61,207,undirected,1
61,7,undirected,1
6,61,undirected,1
56,294,undirected,1
294,455,undirected,1
295,4,undirected,1
294,4,undirected,1
56,295,undirected,1
56,270,undirected,1
56,12,undirected,1
295,270,undirected,1
270,455,undirected,1
295,12,undirected,1
294,295,undirected,1
12,270,undirected,1
294,270,undirected,1
294,12,undirected,1
296,456,undirected,1
12,455,undirected,1
295,455,undirected,1
5,286,undirected,1
160,455,undirected,1
297,4,undirected,1
56,297,undirected,1
295,297,undirected,1
297,270,undirected,1
12,297,undirected,1
294,297,undirected,1
160,4,undirected,1
56,455,undirected,1
56,160,undirected,1
160,295,undirected,1
160,270,undirected,1
160,12,undirected,1
160,294,undirected,1
4,455,undirected,1
56,296,undirected,1
296,4,undirected,1
298,296,undirected,1
299,67,undirected,1
300,4,undirected,1
301,4,undirected,1
67,298,undirected,1
299,298,undirected,1
300,298,undirected,1
298,301,undirected,1
300,67,undirected,1
67,296,undirected,1
67,301,undirected,1
299,300,undirected,1
299,301,undirected,1
300,301,undirected,1
61,5,undirected,1
5,207,undirected,1
299,4,undirected,1
298,4,undirected,1
56,301,undirected,1
56,300,undirected,1
56,299,undirected,1
56,67,undirected,1
56,298,undirected,1
301,456,undirected,1
300,456,undirected,1
299,456,undirected,1
67,456,undirected,1
298,456,undirected,1
4,456,undirected,1
56,456,undirected,1
301,296,undirected,1
300,296,undirected,1
299,296,undirected,1
41,290,undirected,1
302,290,undirected,1
290,317,undirected,1
3,32,undirected,1
303,44,undirected,1
303,309,undirected,1
32,305,undirected,1
304,32,undirected,1
32,414,undirected,1
32,62,undirected,1
32,313,undirected,1
303,4,undirected,1
304,305,undirected,1
305,4,undirected,1
305,414,undirected,1
305,62,undirected,1
3,305,undirected,1
305,313,undirected,1
44,309,undirected,1
4,309,undirected,1
24,410,undirected,1
306,457,undirected,1
307,410,undirected,1
2,307,undirected,1
308,307,undirected,1
2,410,undirected,1
308,410,undirected,1
308,2,undirected,1
4,457,undirected,1
303,306,undirected,1
44,457,undirected,1
309,457,undirected,1
303,457,undirected,1
306,4,undirected,1
44,306,undirected,1
306,309,undirected,1
304,4,undirected,1
304,414,undirected,1
304,62,undirected,1
310,4,undirected,1
1,167,undirected,1
22,312,undirected,1
311,22,undirected,1
310,22,undirected,1
1,22,undirected,1
311,4,undirected,1
311,312,undirected,1
304,3,undirected,1
310,312,undirected,1
1,312,undirected,1
311,310,undirected,1
1,311,undirected,1
1,310,undirected,1
6,20,undirected,1
310,167,undirected,1
311,167,undirected,1
167,312,undirected,1
22,167,undirected,1
1,415,undirected,1
310,415,undirected,1
311,415,undirected,1
312,415,undirected,1
22,415,undirected,1
167,415,undirected,1
3,313,undirected,1
313,62,undirected,1
313,414,undirected,1
3,414,undirected,1
62,414,undirected,1
4,313,undirected,1
304,313,undirected,1
308,24,undirected,1
24,307,undirected,1
36,453,undirected,1
23,315,undirected,1
221,315,undirected,1
221,314,undirected,1
23,221,undirected,1
221,318,undirected,1
221,458,undirected,1
314,315,undirected,1
315,318,undirected,1
316,318,undirected,1
315,458,undirected,1
23,314,undirected,1
314,318,undirected,1
314,458,undirected,1
23,318,undirected,1
23,458,undirected,1
316,458,undirected,1
23,316,undirected,1
308,4,undirected,1
317,36,undirected,1
4,453,undirected,1
41,453,undirected,1
302,453,undirected,1
317,453,undirected,1
41,36,undirected,1
302,36,undirected,1
302,4,undirected,1
316,314,undirected,1
317,4,undirected,1
302,41,undirected,1
41,317,undirected,1
302,317,undirected,1
221,316,undirected,1
316,315,undirected,1
318,458,undirected,1
8,322,undirected,1
319,8,undirected,1
308,59,undirected,1
308,321,undirected,1
59,320,undirected,1
59,24,undirected,1
59,307,undirected,1
59,410,undirected,1
59,2,undirected,1
4,320,undirected,1
15,8,undirected,1
24,320,undirected,1
307,320,undirected,1
320,410,undirected,1
2,320,undirected,1
308,320,undirected,1
307,4,undirected,1
2,321,undirected,1
321,410,undirected,1
307,321,undirected,1
24,321,undirected,1
4,321,undirected,1
320,321,undirected,1
59,321,undirected,1
9,18,undirected,1
15,18,undirected,1
319,18,undirected,1
319,9,undirected,1
319,15,undirected,1
319,4,undirected,1
322,18,undirected,1
319,322,undirected,1
8,18,undirected,1
9,8,undirected,1
4,450,undirected,1
7,270,undirected,1
127,126,undirected,1
14,63,undirected,1
14,459,undirected,1
63,459,undirected,1
4,459,undirected,1
323,459,undirected,1
41,459,undirected,1
324,459,undirected,1
14,323,undirected,1
41,325,undirected,1
41,14,undirected,1
14,324,undirected,1
63,323,undirected,1
41,63,undirected,1
63,324,undirected,1
323,4,undirected,1
325,324,undirected,1
325,323,undirected,1
41,323,undirected,1
4,327,undirected,1
326,335,undirected,1
3,335,undirected,1
3,326,undirected,1
10,327,undirected,1
10,312,undirected,1
10,328,undirected,1
327,312,undirected,1
325,4,undirected,1
328,327,undirected,1
4,328,undirected,1
328,312,undirected,1
325,459,undirected,1
14,325,undirected,1
63,325,undirected,1
4,324,undirected,1
323,324,undirected,1
329,104,undirected,1
330,344,undirected,1
28,344,undirected,1
28,79,undirected,1
1,28,undirected,1
331,28,undirected,1
28,368,undirected,1
330,4,undirected,1
330,79,undirected,1
332,18,undirected,1
1,330,undirected,1
331,330,undirected,1
330,368,undirected,1
4,344,undirected,1
331,4,undirected,1
4,368,undirected,1
330,28,undirected,1
29,332,undirected,1
41,324,undirected,1
333,258,undirected,1
334,258,undirected,1
334,333,undirected,1
334,4,undirected,1
29,334,undirected,1
334,18,undirected,1
334,332,undirected,1
29,258,undirected,1
332,4,undirected,1
18,258,undirected,1
332,258,undirected,1
333,4,undirected,1
29,333,undirected,1
333,18,undirected,1
332,333,undirected,1
3,413,undirected,1
326,413,undirected,1
335,413,undirected,1
12,336,undirected,1
4,336,undirected,1
65,460,undirected,1
336,460,undirected,1
12,460,undirected,1
65,336,undirected,1
65,12,undirected,1
4,339,undirected,1
10,336,undirected,1
337,339,undirected,1
338,339,undirected,1
339,18,undirected,1
340,339,undirected,1
11,339,undirected,1
337,4,undirected,1
4,460,undirected,1
10,65,undirected,1
3,343,undirected,1
21,65,undirected,1
329,400,undirected,1
341,400,undirected,1
341,329,undirected,1
21,5,undirected,1
21,10,undirected,1
21,460,undirected,1
21,336,undirected,1
10,460,undirected,1
21,12,undirected,1
10,5,undirected,1
5,460,undirected,1
65,5,undirected,1
5,336,undirected,1
12,5,undirected,1
338,4,undirected,1
340,4,undirected,1
338,337,undirected,1
342,326,undirected,1
54,335,undirected,1
54,326,undirected,1
4,342,undirected,1
343,342,undirected,1
342,413,undirected,1
342,335,undirected,1
3,342,undirected,1
337,18,undirected,1
343,4,undirected,1
4,335,undirected,1
4,326,undirected,1
343,413,undirected,1
343,335,undirected,1
343,326,undirected,1
54,413,undirected,1
54,343,undirected,1
54,342,undirected,1
3,21,undirected,1
21,326,undirected,1
21,335,undirected,1
21,413,undirected,1
21,343,undirected,1
21,342,undirected,1
21,54,undirected,1
11,340,undirected,1
340,18,undirected,1
338,11,undirected,1
338,340,undirected,1
338,18,undirected,1
11,337,undirected,1
337,340,undirected,1
344,79,undirected,1
1,344,undirected,1
331,344,undirected,1
3,345,undirected,1
3,353,undirected,1
345,4,undirected,1
346,4,undirected,1
347,4,undirected,1
345,346,undirected,1
345,347,undirected,1
347,346,undirected,1
346,353,undirected,1
3,346,undirected,1
3,347,undirected,1
348,360,undirected,1
348,4,undirected,1
349,348,undirected,1
348,18,undirected,1
347,353,undirected,1
345,353,undirected,1
79,461,undirected,1
350,4,undirected,1
4,462,undirected,1
351,462,undirected,1
350,462,undirected,1
352,462,undirected,1
3,462,undirected,1
4,351,undirected,1
352,4,undirected,1
353,4,undirected,1
350,351,undirected,1
352,351,undirected,1
3,351,undirected,1
350,352,undirected,1
297,455,undirected,1
3,352,undirected,1
348,463,undirected,1
4,360,undirected,1
349,360,undirected,1
354,357,undirected,1
355,400,undirected,1
355,354,undirected,1
356,4,undirected,1
4,354,undirected,1
356,357,undirected,1
357,400,undirected,1
2,356,undirected,1
18,360,undirected,1
356,400,undirected,1
356,354,undirected,1
2,400,undirected,1
2,354,undirected,1
354,400,undirected,1
126,4,undirected,1
2,355,undirected,1
356,355,undirected,1
355,357,undirected,1
355,4,undirected,1
2,358,undirected,1
358,412,undirected,1
2,359,undirected,1
359,358,undirected,1
359,412,undirected,1
4,358,undirected,1
359,4,undirected,1
18,463,undirected,1
349,463,undirected,1
349,18,undirected,1
4,463,undirected,1
349,4,undirected,1
360,463,undirected,1
3,461,undirected,1
3,367,undirected,1
344,368,undirected,1
361,4,undirected,1
361,362,undirected,1
31,193,undirected,1
3,31,undirected,1
361,31,undirected,1
3,193,undirected,1
361,193,undirected,1
361,3,undirected,1
362,4,undirected,1
363,365,undirected,1
63,365,undirected,1
364,365,undirected,1
365,207,undirected,1
366,365,undirected,1
365,464,undirected,1
3,362,undirected,1
362,193,undirected,1
367,79,undirected,1
37,167,undirected,1
1,79,undirected,1
331,79,undirected,1
368,79,undirected,1
1,331,undirected,1
1,368,undirected,1
331,368,undirected,1
38,167,undirected,1
31,362,undirected,1
3,167,undirected,1
37,34,undirected,1
34,38,undirected,1
3,34,undirected,1
37,3,undirected,1
3,38,undirected,1
369,365,undirected,1
63,363,undirected,1
4,363,undirected,1
370,4,undirected,1
366,207,undirected,1
207,464,undirected,1
369,207,undirected,1
366,464,undirected,1
366,369,undirected,1
369,464,undirected,1
4,367,undirected,1
364,363,undirected,1
4,461,undirected,1
370,367,undirected,1
370,461,undirected,1
370,79,undirected,1
370,3,undirected,1
367,461,undirected,1
364,369,undirected,1
364,464,undirected,1
366,364,undirected,1
364,207,undirected,1
369,4,undirected,1
4,464,undirected,1
366,4,undirected,1
364,4,undirected,1
63,369,undirected,1
63,464,undirected,1
366,63,undirected,1
63,207,undirected,1
63,364,undirected,1
369,363,undirected,1
363,464,undirected,1
366,363,undirected,1
363,207,undirected,1
341,104,undirected,1
104,400,undirected,1
270,450,undirected,1
371,373,undirected,1
7,279,undirected,1
7,49,undirected,1
9,279,undirected,1
9,49,undirected,1
1,279,undirected,1
49,279,undirected,1
371,81,undirected,1
15,49,undirected,1
371,4,undirected,1
371,410,undirected,1
371,18,undirected,1
371,379,undirected,1
371,40,undirected,1
371,13,undirected,1
9,7,undirected,1
1,15,undirected,1
4,373,undirected,1
322,279,undirected,1
372,4,undirected,1
372,380,undirected,1
2,380,undirected,1
2,372,undirected,1
6,322,undirected,1
7,322,undirected,1
1,322,undirected,1
15,279,undirected,1
49,322,undirected,1
6,15,undirected,1
6,9,undirected,1
6,279,undirected,1
6,49,undirected,1
15,7,undirected,1
81,373,undirected,1
373,410,undirected,1
374,341,undirected,1
375,9,undirected,1
4,465,undirected,1
375,465,undirected,1
9,465,undirected,1
376,465,undirected,1
375,4,undirected,1
376,4,undirected,1
375,376,undirected,1
13,379,undirected,1
376,9,undirected,1
377,378,undirected,1
378,466,undirected,1
19,378,undirected,1
378,404,undirected,1
378,4,undirected,1
40,13,undirected,1
40,379,undirected,1
18,373,undirected,1
40,81,undirected,1
379,373,undirected,1
40,373,undirected,1
13,373,undirected,1
81,410,undirected,1
18,81,undirected,1
379,81,undirected,1
13,81,undirected,1
13,18,undirected,1
4,379,undirected,1
18,410,undirected,1
379,410,undirected,1
40,410,undirected,1
13,410,undirected,1
379,18,undirected,1
380,4,undirected,1
24,372,undirected,1
24,380,undirected,1
1,382,undirected,1
381,4,undirected,1
382,467,undirected,1
383,467,undirected,1
1,467,undirected,1
381,467,undirected,1
382,383,undirected,1
382,381,undirected,1
382,4,undirected,1
1,383,undirected,1
381,383,undirected,1
1,381,undirected,1
384,391,undirected,1
384,4,undirected,1
384,414,undirected,1
4,383,undirected,1
4,467,undirected,1
2,25,undirected,1
385,383,undirected,1
1,450,undirected,1
1,270,undirected,1
385,386,undirected,1
385,4,undirected,1
385,467,undirected,1
385,382,undirected,1
1,385,undirected,1
381,386,undirected,1
385,381,undirected,1
4,386,undirected,1
386,467,undirected,1
382,386,undirected,1
386,383,undirected,1
1,386,undirected,1
384,390,undirected,1
387,384,undirected,1
384,389,undirected,1
2,388,undirected,1
388,80,undirected,1
25,388,undirected,1
24,388,undirected,1
4,388,undirected,1
380,388,undirected,1
372,388,undirected,1
24,80,undirected,1
4,391,undirected,1
380,80,undirected,1
372,80,undirected,1
2,80,undirected,1
24,25,undirected,1
25,380,undirected,1
25,372,undirected,1
372,8,undirected,1
380,8,undirected,1
24,8,undirected,1
8,388,undirected,1
387,389,undirected,1
389,390,undirected,1
387,390,undirected,1
389,414,undirected,1
387,414,undirected,1
390,414,undirected,1
389,4,undirected,1
387,4,undirected,1
390,4,undirected,1
389,391,undirected,1
387,391,undirected,1
390,391,undirected,1
391,414,undirected,1
392,378,undirected,1
9,378,undirected,1
1,378,undirected,1
393,4,undirected,1
393,394,undirected,1
394,17,undirected,1
394,4,undirected,1
394,410,undirected,1
1,394,undirected,1
393,17,undirected,1
393,410,undirected,1
14,410,undirected,1
393,1,undirected,1
17,410,undirected,1
42,398,undirected,1
42,20,undirected,1
42,165,undirected,1
2,42,undirected,1
1,14,undirected,1
14,17,undirected,1
395,4,undirected,1
1,468,undirected,1
396,468,undirected,1
1,396,undirected,1
395,396,undirected,1
397,468,undirected,1
1,397,undirected,1
397,395,undirected,1
395,468,undirected,1
393,14,undirected,1
1,395,undirected,1
14,5,undirected,1
394,5,undirected,1
393,5,undirected,1
17,5,undirected,1
14,394,undirected,1
20,398,undirected,1
4,398,undirected,1
398,165,undirected,1
374,469,undirected,1
399,469,undirected,1
399,374,undirected,1
399,104,undirected,1
399,400,undirected,1
399,329,undirected,1
399,341,undirected,1
104,469,undirected,1
2,398,undirected,1
400,469,undirected,1
329,469,undirected,1
341,469,undirected,1
374,104,undirected,1
374,400,undirected,1
374,329,undirected,1
341,401,undirected,1
401,329,undirected,1
401,400,undirected,1
401,104,undirected,1
374,401,undirected,1
401,469,undirected,1
399,401,undirected,1
402,341,undirected,1
402,329,undirected,1
402,400,undirected,1
402,104,undirected,1
402,374,undirected,1
402,469,undirected,1
402,399,undirected,1
402,401,undirected,1
2,20,undirected,1
20,165,undirected,1
397,396,undirected,1
4,468,undirected,1
377,466,undirected,1
10,409,undirected,1
1,404,undirected,1
392,4,undirected,1
392,9,undirected,1
1,392,undirected,1
10,403,undirected,1
10,470,undirected,1
11,10,undirected,1
392,404,undirected,1
10,408,undirected,1
10,405,undirected,1
403,4,undirected,1
4,470,undirected,1
4,409,undirected,1
4,408,undirected,1
9,404,undirected,1
4,404,undirected,1
397,4,undirected,1
19,466,undirected,1
19,377,undirected,1
377,404,undirected,1
377,4,undirected,1
392,377,undirected,1
9,377,undirected,1
1,377,undirected,1
404,466,undirected,1
19,9,undirected,1
4,466,undirected,1
392,466,undirected,1
9,466,undirected,1
1,466,undirected,1
19,404,undirected,1
19,392,undirected,1
405,4,undirected,1
403,470,undirected,1
403,409,undirected,1
406,4,undirected,1
407,39,undirected,1
407,4,undirected,1
407,200,undirected,1
406,407,undirected,1
39,200,undirected,1
406,39,undirected,1
406,200,undirected,1
11,403,undirected,1
42,396,undirected,1
42,397,undirected,1
42,468,undirected,1
1,42,undirected,1
42,395,undirected,1
396,4,undirected,1
406,471,undirected,1
200,471,undirected,1
4,471,undirected,1
39,471,undirected,1
407,471,undirected,1
405,408,undirected,1
11,405,undirected,1
11,408,undirected,1
405,409,undirected,1
408,409,undirected,1
11,409,undirected,1
405,470,undirected,1
408,470,undirected,1
11,470,undirected,1
409,470,undirected,1
405,403,undirected,1
403,408,undirected,1
192,194,undirected,1